{"cameraMode":{"drawMode":0,"name":"Shaded","section":"Shading Mode"},"sceneLighting":false,"audioPlay":false,"sceneViewState":{"m_AlwaysRefresh":false,"showFog":true,"showSkybox":false,"showFlares":true,"showImageEffects":true,"showParticleSystems":true,"showVisualEffectGraphs":true,"m_FxEnabled":true},"in2DMode":false,"pivot":{"x":-0.07591390609741211,"y":-0.16150569915771485,"z":-0.037168025970458987},"rotation":{"x":0.5900495648384094,"y":0.035087570548057559,"z":-0.025680463761091234,"w":0.8061994910240173},"size":4.690786361694336,"orthographic":false}