{"cameraMode":{"drawMode":0,"name":"Shaded","section":"Shading Mode"},"sceneLighting":false,"audioPlay":false,"sceneViewState":{"m_AlwaysRefresh":false,"showFog":true,"showSkybox":false,"showFlares":true,"showImageEffects":true,"showParticleSystems":true,"showVisualEffectGraphs":true,"m_FxEnabled":true},"in2DMode":false,"pivot":{"x":-10.821073532104493,"y":-59.88704299926758,"z":-123.28791046142578},"rotation":{"x":0.19037896394729615,"y":-0.08675995469093323,"z":0.016893748193979265,"w":0.9777251482009888},"size":35.05186462402344,"orthographic":false}