{"cameraMode":{"drawMode":0,"name":"Shaded","section":"Shading Mode"},"sceneLighting":false,"audioPlay":false,"sceneViewState":{"m_AlwaysRefresh":false,"showFog":true,"showSkybox":false,"showFlares":true,"showImageEffects":true,"showParticleSystems":true,"showVisualEffectGraphs":true,"m_FxEnabled":true},"in2DMode":false,"pivot":{"x":15.363348007202149,"y":5.758644104003906,"z":12.244430541992188},"rotation":{"x":-0.0007363016484305263,"y":0.9620661735534668,"z":-0.2728065252304077,"w":-0.002596581820398569},"size":40.07291793823242,"orthographic":false}