{"cameraMode":{"drawMode":0,"name":"Shaded","section":"Shading Mode"},"sceneLighting":false,"audioPlay":false,"sceneViewState":{"m_AlwaysRefresh":false,"showFog":true,"showSkybox":false,"showFlares":true,"showImageEffects":true,"showParticleSystems":true,"showVisualEffectGraphs":true,"m_FxEnabled":true},"in2DMode":false,"pivot":{"x":-431.5989074707031,"y":0.17052078247070313,"z":-25.584857940673829},"rotation":{"x":0.5900495648384094,"y":0.035087570548057559,"z":-0.025680463761091234,"w":0.8061994910240173},"size":122.96971130371094,"orthographic":false}